{
  "version": "1.0",
  "defaultProvider": "cdnjs",
  "libraries": [
    {
      "library": "datatables@1.10.21",
      "destination": "wwwroot/lib/datatables/"
    },
    {
      "library": "datatables-responsive@2.2.9",
      "destination": "wwwroot/lib/datatables-responsive/"
    },
    {
      "library": "datatables-buttons@2.2.0",
      "destination": "wwwroot/plugins/datatables-buttons/"
    },
    {
      "library": "datatables.net-buttons-bs@2.2.0",
      "destination": "wwwroot/plugins/datatables-buttons/datatables.net-buttons-bs/"
    },
    {
      "library": "datatables.net-bs5@1.11.3",
      "destination": "wwwroot/plugins/datatables.net-bs5/"
    },
    {
      "library": "datatables.net-bs4@3.2.2",
      "destination": "wwwroot/plugins/datatables.net-bs4/"
    },
    {
      "library": "font-awesome@5.15.4",
      "destination": "wwwroot/plugins/font-awesome/"
    },
    {
      "library": "sweetalert@2.1.2",
      "destination": "wwwroot/plugins/sweetalert/"
    }
  ]
}